Kaynak;Ad;Bağlantı;Veri türü;Konu;Boyut MB;Lisans;Notlar
Zenodo;Görüntü veri seti;https://zenodo.org/records/2557535;Görüntü;;;;
Kaggle;Malicious Drones;https://www.kaggle.com/datasets/sonainjamil/malicious-drones;Görüntü;;;;
Kaggle;BIRDCLEF 2024: 5s Spectrogram Features;https://www.kaggle.com/datasets/amrithanandini/birdclef-2024-5s-spectrogram-features;Görüntü;;;;
Kaggle;XD-Violence Single-Label Edition;https://www.kaggle.com/datasets/bypktt/xd-violence;Görüntü;;;;
Kaggle;Audio-Visual Database (RAVDESS);https://www.kaggle.com/datasets/orvile/ravdess-dataset;Görüntü, Ses;;;;
Zenodo;Yapay Zeka Destekli Sürdürülebilir Tarım 2.0;https://zenodo.org/records/17047248;Sensör;;;;
Zenodo;Titan Mobile Fabricators;https://zenodo.org/records/19549760;;;;;;
Zenodo;RFID ve araç içi diagnostik verileri;https://zenodo.org/records/22794893;Sensör;;;;
Kaggle;Elevator Predictive Maintenance Dataset;https://www.kaggle.com/datasets/shivamb/elevator-predictive-maintenance-dataset/data;Sensör;;;;
Kaggle;Predictive Maintenance Dataset (AI4I 2020);https://www.kaggle.com/datasets/stephanmatzka/predictive-maintenance-dataset-ai4i-2020;Sensör;;;;
Kaggle;Smart Bee Colony Monitor;https://www.kaggle.com/datasets/annajyang/beehive-sounds;Ses, Sensör;;;;
Zenodo;CSEM-MISD Surface Defect Detection Dataset;https://zenodo.org/records/7410513;Görüntü;;;;
Kaggle;Wind Turbine Gearbox Anomaly Detection;https://www.kaggle.com/datasets/aiwithcagri/wind-turbine-gearbox-anomaly-detection-5year-scada;Sensör;;;;
Kaggle;Predictive maintenance oil and gas pipeline data;https://www.kaggle.com/datasets/muhammadwaqas023/predictive-maintenance-oil-and-gas-pipeline-data;Sensör;;;;
Zenodo;WDSEventDB;https://zenodo.org/records/17547955;Sensör;;;;
Zenodo;Smartphone sensor data;https://zenodo.org/records/4311175;Sensör;;;;
